phase,mean_kl,min_kl,max_kl,window_n
Phase 3,0.3471156578428984,0.2378862139574703,0.4881623396085721,5
Phase 4,0.1591199137809816,0.1043696120608658,0.2522990833433307,6
